{
  "fill-specializations" : [
    {
      "value" : {
        "linear-gradient" : [
          "display-p3:0.50000,0.25171,0.85059,1.00000",
          "display-p3:0.73291,0.24377,0.84961,1.00000"
        ]
      }
    },
    {
      "appearance" : "dark",
      "value" : "automatic"
    }
  ],
  "groups" : [
    {
      "blend-mode-specializations" : [
        {
          "value" : "hard-light"
        },
        {
          "appearance" : "dark",
          "value" : "screen"
        }
      ],
      "blur-material" : 0.5,
      "layers" : [
        {
          "fill-specializations" : [
            {
              "value" : {
                "solid" : "extended-gray:1.00000,1.00000"
              }
            },
            {
              "appearance" : "dark",
              "value" : {
                "solid" : "display-p3:0.73291,0.24377,0.84961,1.00000"
              }
            }
          ],
          "image-name" : "CL.svg",
          "name" : "CL",
          "position" : {
            "scale" : 1,
            "translation-in-points" : [
              -6.0010747358819,
              1.9170568585378192
            ]
          }
        }
      ],
      "position" : {
        "scale" : 2.2,
        "translation-in-points" : [
          -148.65405417245555,
          45.63140943632662
        ]
      },
      "shadow" : {
        "kind" : "neutral",
        "opacity" : 0.5
      },
      "translucency" : {
        "enabled" : true,
        "value" : 0.5
      }
    },
    {
      "blend-mode-specializations" : [
        {
          "value" : "screen"
        },
        {
          "appearance" : "dark",
          "value" : "normal"
        }
      ],
      "blur-material" : 0.5,
      "layers" : [
        {
          "fill-specializations" : [
            {
              "value" : {
                "solid" : "extended-gray:0.75000,1.00000"
              }
            },
            {
              "appearance" : "dark",
              "value" : {
                "solid" : "display-p3:0.50000,0.25171,0.85059,1.00000"
              }
            }
          ],
          "image-name" : "CR.svg",
          "name" : "CR",
          "position" : {
            "scale" : 1,
            "translation-in-points" : [
              -67.57492029847606,
              -3.1589463194160956
            ]
          }
        }
      ],
      "position" : {
        "scale" : 2.2,
        "translation-in-points" : [
          257.91840989541595,
          6.991597349194583
        ]
      },
      "shadow" : {
        "kind" : "neutral",
        "opacity" : 0.5
      },
      "translucency" : {
        "enabled" : true,
        "value" : 0.5
      }
    },
    {
      "blend-mode-specializations" : [
        {
          "value" : "plus-lighter"
        },
        {
          "appearance" : "dark",
          "value" : "plus-lighter"
        }
      ],
      "blur-material" : 0.5,
      "hidden" : false,
      "layers" : [
        {
          "image-name" : "diva.png",
          "name" : "diva",
          "position" : {
            "scale" : 0.95,
            "translation-in-points" : [
              -12.6599239730632,
              -13.289606055492982
            ]
          }
        },
        {
          "fill-specializations" : [
            {
              "value" : {
                "automatic-gradient" : "extended-gray:1.00000,1.00000"
              }
            },
            {
              "appearance" : "dark",
              "value" : "automatic"
            }
          ],
          "glass" : true,
          "hidden" : true,
          "image-name" : "react.png",
          "name" : "react"
        }
      ],
      "position" : {
        "scale" : 1.2,
        "translation-in-points" : [
          0,
          0
        ]
      },
      "shadow" : {
        "kind" : "none",
        "opacity" : 0.5
      },
      "specular" : true,
      "translucency" : {
        "enabled" : true,
        "value" : 0.5
      }
    },
    {
      "hidden" : true,
      "layers" : [
        {
          "hidden" : false,
          "image-name" : "1200x630wa-2.png",
          "name" : "1200x630wa-2",
          "position" : {
            "scale" : 2.4,
            "translation-in-points" : [
              0,
              0
            ]
          }
        }
      ],
      "position" : {
        "scale" : 1.1,
        "translation-in-points" : [
          0,
          0
        ]
      },
      "shadow" : {
        "kind" : "neutral",
        "opacity" : 0.5
      },
      "translucency" : {
        "enabled" : true,
        "value" : 0.5
      }
    }
  ],
  "supported-platforms" : {
    "circles" : [
      "watchOS"
    ],
    "squares" : "shared"
  }
}